connie,connie@gmail.com,conn1451
lachlan,lachlan@rocketmail.com,lachsan443
lily,lily@yahoo.com,lilypoly789
karen,karen@outlook.com,karenizer909
polly,polly@outlook.com,pollyander8I1OP
arsa,arsadddggg@gmail.com,arsadg123
aiden,aiden@gmailvn.net,cronix443
iona,ionareid@yahoo.com,IoN331
rexy,rexyrain@yahoo.com,rexqeon981
robert,robertarch@hotmail.com,robisrobert
maisy,maisy@outlook.com,qMhkhuuTkL
tara,tara@outlook.com,9yWmbtWHLs
rowan,rowan@outlook.com,5ACJF34AsN
crystal,crystal@gmail.com,5ezjD2pNTb
maddie,maddiecrystal@gmail.com,TsWmqHTUns
kian,kiancrystal@gmail.com,d5Tzm2yJwM
casey,casey@outlook.com,caseynox78xxa
maria,mariacrystal@gmail.com,mariadiamond74damn
katy,katy@yahoo.com,katyasterix90!
annabel,annabel@yahoo.com,ann78ann
